[{"model": "contenttypes.contenttype", "pk": 1, "fields": {"app_label": "admin", "model": "logentry"}}, {"model": "contenttypes.contenttype", "pk": 2, "fields": {"app_label": "auth", "model": "permission"}}, {"model": "contenttypes.contenttype", "pk": 3, "fields": {"app_label": "auth", "model": "group"}}, {"model": "contenttypes.contenttype", "pk": 4, "fields": {"app_label": "auth", "model": "user"}}, {"model": "contenttypes.contenttype", "pk": 5, "fields": {"app_label": "contenttypes", "model": "contenttype"}}, {"model": "contenttypes.contenttype", "pk": 6, "fields": {"app_label": "sessions", "model": "session"}}, {"model": "contenttypes.contenttype", "pk": 7, "fields": {"app_label": "web", "model": "article"}}, {"model": "contenttypes.contenttype", "pk": 8, "fields": {"app_label": "web", "model": "blog"}}, {"model": "contenttypes.contenttype", "pk": 9, "fields": {"app_label": "web", "model": "userfans"}}, {"model": "contenttypes.contenttype", "pk": 10, "fields": {"app_label": "web", "model": "userinfo"}}, {"model": "contenttypes.contenttype", "pk": 11, "fields": {"app_label": "web", "model": "tag"}}, {"model": "contenttypes.contenttype", "pk": 12, "fields": {"app_label": "web", "model": "comment"}}, {"model": "contenttypes.contenttype", "pk": 13, "fields": {"app_label": "web", "model": "category"}}, {"model": "contenttypes.contenttype", "pk": 14, "fields": {"app_label": "web", "model": "articledetail"}}, {"model": "contenttypes.contenttype", "pk": 15, "fields": {"app_label": "web", "model": "article2tag"}}, {"model": "contenttypes.contenttype", "pk": 16, "fields": {"app_label": "web", "model": "updown"}}, {"model": "contenttypes.contenttype", "pk": 17, "fields": {"app_label": "repository", "model": "article"}}, {"model": "contenttypes.contenttype", "pk": 18, "fields": {"app_label": "repository", "model": "blog"}}, {"model": "contenttypes.contenttype", "pk": 19, "fields": {"app_label": "repository", "model": "userfans"}}, {"model": "contenttypes.contenttype", "pk": 20, "fields": {"app_label": "repository", "model": "userinfo"}}, {"model": "contenttypes.contenttype", "pk": 21, "fields": {"app_label": "repository", "model": "tag"}}, {"model": "contenttypes.contenttype", "pk": 22, "fields": {"app_label": "repository", "model": "comment"}}, {"model": "contenttypes.contenttype", "pk": 23, "fields": {"app_label": "repository", "model": "category"}}, {"model": "contenttypes.contenttype", "pk": 24, "fields": {"app_label": "repository", "model": "articledetail"}}, {"model": "contenttypes.contenttype", "pk": 25, "fields": {"app_label": "repository", "model": "article2tag"}}, {"model": "contenttypes.contenttype", "pk": 26, "fields": {"app_label": "repository", "model": "updown"}}, {"model": "sessions.session", "pk": "0oll1c1p02ayyy27xq58qheowkbxoyx7", "fields": {"session_data": "MjUwZWRhYmZjZDk3ZTk1NWEwZmM2MDkzY2NlNzA4ODJkZTFmNDhkYzp7ImNoZWNrQ29kZSI6IlR0TlYifQ==", "expire_date": "2020-07-26T02:49:56.338Z"}}, {"model": "sessions.session", "pk": "3a7pd4oe11h4useidaraxn7aw5w4vup3", "fields": {"session_data": "YWFlNTBmNjFlNWQ1MTc1NjY3NThmMjgyN2UyMmYyYmYwMmM1NjViZDp7fQ==", "expire_date": "2020-09-25T00:37:08.962Z"}}, {"model": "sessions.session", "pk": "4f3p57lxj34ot5hlwtzwvy26dqps5eb9", "fields": {"session_data": "YTExODY2NzliMGVlZjY2ZWU0YzUzOWU1NjU3ZWZiZjkyNDllMDgwZTp7ImNoZWNrQ29kZSI6InE4VUsiLCJ1c2VybmFtZSI6InNldGgiLCJwYXNzd29yZCI6IjEyMyIsIl9zZXNzaW9uX2V4cGlyeSI6MTIwOTYwMH0=", "expire_date": "2020-10-05T08:09:13.918Z"}}, {"model": "sessions.session", "pk": "5b79ti3nulwfelt7vs3io4iqhina2c9e", "fields": {"session_data": "YWU4YTA4MGY3N2NlOTFjY2MyODgzMzNhZjQ5MmI5OWUyMTUwYmVhYTp7ImNoZWNrQ29kZSI6IjNWOGciLCJ1c2VybmFtZSI6IlNldGgiLCJwYXNzd29yZCI6IjEyMyIsIl9zZXNzaW9uX2V4cGlyeSI6MH0=", "expire_date": "2020-08-27T02:28:17.232Z"}}, {"model": "sessions.session", "pk": "93o21kg0mkdo5uxnpknlhy1oc8ypouza", "fields": {"session_data": "MWVjMzg1MTU1M2Q5MmJhNTEzNzNjZGUzZWFiOGMzZjEwOGJlY2Y0OTp7ImNoZWNrQ29kZSI6IlNqY1kiLCJ1c2VybmFtZSI6IlNldGgiLCJwYXNzd29yZCI6IjEyMyIsIl9zZXNzaW9uX2V4cGlyeSI6MH0=", "expire_date": "2020-08-26T02:53:24.471Z"}}, {"model": "sessions.session", "pk": "bty3a84v1c1ke8pgsemvs5a650jhnm75", "fields": {"session_data": "NWM0MmJkN2MwYTliOGVmOWUxN2VhNmM4ZjI1NjBkODMwNTg3MTczNzp7ImNoZWNrQ29kZSI6IjhIYngiLCJ1c2VybmFtZSI6InBwcCIsInBhc3N3b3JkIjoiMTIzIiwiX3Nlc3Npb25fZXhwaXJ5IjowfQ==", "expire_date": "2020-08-29T15:03:32.717Z"}}, {"model": "sessions.session", "pk": "chuz09ndepuq43qcwfo6pnvfuvp37iid", "fields": {"session_data": "MzlmOGQ0NmEyNGM2MmQ1NTU2NzA4OWU5YjcwOWI3ZjZlMmY3MTQ3Mzp7ImNoZWNrQ29kZSI6InNNUVAiLCJ1c2VybmFtZSI6InNldGgiLCJwYXNzd29yZCI6IjEyMyIsIl9zZXNzaW9uX2V4cGlyeSI6MH0=", "expire_date": "2020-10-09T02:29:28.989Z"}}, {"model": "sessions.session", "pk": "cvxak4co680d8egjucqp4eesnsscl4cv", "fields": {"session_data": "MjM1ZDgyMjQxYjIxNzU0NWM5NWMyMzU4N2MxMmE1ODYzMjkzMWQ3NTp7ImNoZWNrQ29kZSI6IjZLVDQiLCJ1c2VybmFtZSI6IlNldGgiLCJwYXNzd29yZCI6IjEyMyIsIl9zZXNzaW9uX2V4cGlyeSI6MH0=", "expire_date": "2020-08-26T02:38:45.637Z"}}, {"model": "sessions.session", "pk": "e2qdlbssv6ob56mvuqxeufqdamh137hr", "fields": {"session_data": "ODgxMjZjM2VmM2ZhOWRiZmQzMDliMGExYWEwNzMyNjZjNjRlYWM0Mjp7ImNoZWNrQ29kZSI6IlJtSlEiLCJ1c2VybmFtZSI6IlNldGgiLCJwYXNzd29yZCI6IjEyMyIsIl9zZXNzaW9uX2V4cGlyeSI6MH0=", "expire_date": "2020-08-26T11:32:22.806Z"}}, {"model": "sessions.session", "pk": "edklncqu2bvp0hl850hdi4hh1lpy603r", "fields": {"session_data": "YTQ1YmY2MzY2ZjI3YjUzNzM2OGY4MzQ3ZjhkOTNhMWNjNmUxODNmMDp7ImNoZWNrQ29kZSI6IjVVWFMiLCJ1c2VybmFtZSI6ImJvYiIsInBhc3N3b3JkIjoiMTIzIn0=", "expire_date": "2020-08-17T05:35:14.559Z"}}, {"model": "sessions.session", "pk": "g1ockrjrrxpxjs7esedncf7psrj6vh3p", "fields": {"session_data": "MGJlZTVjNDdiOWVhNWYwZDhkZjQyMmQxNTY4MzVjMmUyNGJhMjQwOTp7ImNoZWNrQ29kZSI6IkVZOFEiLCJ1c2VybmFtZSI6InBldGVyIiwicGFzc3dvcmQiOiIxMjMiLCJfc2Vzc2lvbl9leHBpcnkiOjB9", "expire_date": "2020-08-31T22:01:17.991Z"}}, {"model": "sessions.session", "pk": "h94nbg1i9ora5m17kuf9wewkiesn6shu", "fields": {"session_data": "ZWNmMzJiOTI5Nzg0NzhkOWMxMmNkM2QxYmY3ODM2ZmRhMGVlNTRjYjp7ImNoZWNrQ29kZSI6ImQ4R2sifQ==", "expire_date": "2020-09-18T01:29:43.112Z"}}, {"model": "sessions.session", "pk": "izqkkh59y1zqn4wvclmyfjl4b0uldj1z", "fields": {"session_data": "ZjljNjNlMTcyOGJiMDVhMWE5NjczMGVlOGNlYzU5YWQyMDc1OTgwNDp7ImNoZWNrQ29kZSI6IlRLYUoiLCJ1c2VybmFtZSI6InNldGgiLCJwYXNzd29yZCI6IjEyMyIsIl9zZXNzaW9uX2V4cGlyeSI6MH0=", "expire_date": "2020-11-04T05:03:31.992Z"}}, {"model": "sessions.session", "pk": "jb3iv68vwflqmlc5pv89knjhj61a84b4", "fields": {"session_data": "ZTk0YWM1ZjI2MDI3Zjc1ZjBjMGM5YjRkNTVhM2E3MGM1YTQzZTIzMzp7ImNoZWNrQ29kZSI6InlkTlIiLCJ1c2VybmFtZSI6IlNldGgiLCJwYXNzd29yZCI6IjEyMyIsIl9zZXNzaW9uX2V4cGlyeSI6MH0=", "expire_date": "2020-08-27T11:56:48.578Z"}}, {"model": "sessions.session", "pk": "k6igguekis2tohvafcnmf2jyjuy2nuja", "fields": {"session_data": "Njg5YjUyODVjMmNjNzk3YjU1NjlkZmJiZGNlODg1N2M0NmFhMzJmYzp7ImNoZWNrQ29kZSI6Im1LRVciLCJ1c2VybmFtZSI6InNldGgiLCJwYXNzd29yZCI6IjEyMyIsIl9zZXNzaW9uX2V4cGlyeSI6MH0=", "expire_date": "2020-10-02T11:05:17.354Z"}}, {"model": "sessions.session", "pk": "n0x0ed499wyn79vwu0dtpwx2l9nx7ot4", "fields": {"session_data": "MGYwMzdkYzhiNjU5ZmRkYWFiOTIyYmVkMTQyYWZlNGRlOGZlMmE2YTp7ImNoZWNrQ29kZSI6IldVc3IiLCJ1c2VybmFtZSI6ImJvYiIsInBhc3N3b3JkIjoiMTIzIn0=", "expire_date": "2020-08-10T06:22:34.891Z"}}, {"model": "sessions.session", "pk": "nchw0uptj68edhu0h4yaiiiia3cshy8l", "fields": {"session_data": "MTlhM2NiOTVmMWU1MmMxMTY2MDI1YzZhYzE1MjY2NWIzOTZlZDNlOTp7ImNoZWNrQ29kZSI6IlRNV0giLCJ1c2VybmFtZSI6IlNldGgiLCJwYXNzd29yZCI6IjEyMyJ9", "expire_date": "2020-08-16T10:29:04.333Z"}}, {"model": "sessions.session", "pk": "oxkmvnbva4mzaauv1stw8d59g31qyi3f", "fields": {"session_data": "MDg3MDc0OWFiN2I2NjVlYWEzYmY0NmE3MmE5MzUxMmU5YmZhMDJiZTp7ImNoZWNrQ29kZSI6IjZQWDQiLCJ1c2VybmFtZSI6IlNldGgiLCJwYXNzd29yZCI6IjEyMyJ9", "expire_date": "2020-08-18T05:28:37.865Z"}}, {"model": "sessions.session", "pk": "q8k2bs5itamoya07wsh59mj4sh1nu8x8", "fields": {"session_data": "OGEyY2UzZGNjOTg3ODczOGFkODVkZmRmNTBhN2I3M2M1MDMyOTgwNTp7ImNoZWNrQ29kZSI6InY3SHcifQ==", "expire_date": "2020-08-11T07:50:21.282Z"}}, {"model": "sessions.session", "pk": "r5vogxpvzuwyiuevdkpedtay83gsf5q0", "fields": {"session_data": "OGU0NGI2YWJmOTQ2N2Q3NWYyODgwYWM3NzU5NDI3ZTU3ZDI4YmI4MDp7ImNoZWNrQ29kZSI6Ijk2QlAifQ==", "expire_date": "2020-07-24T06:48:47.191Z"}}, {"model": "sessions.session", "pk": "re89bkud12rjos93pcb346381nudt3kd", "fields": {"session_data": "OTBjMTZiNjJiMDcxZDQwNTMwZWQwMTJmNGM5NDI3ZjA1MGFmZGE0ZTp7ImNoZWNrQ29kZSI6InN1R2siLCJ1c2VybmFtZSI6IlNldGgiLCJwYXNzd29yZCI6IjEyMyJ9", "expire_date": "2020-08-20T12:20:30.845Z"}}, {"model": "sessions.session", "pk": "u3xhe04yjwp1j5f777yzlba6tbi84ckw", "fields": {"session_data": "NWE0M2U4NzVjMTdiYTU4NGVmNTk3OWY4NDhjNjk4OGY1OTZiYTAzNzp7ImNoZWNrQ29kZSI6ImszdlEiLCJ1c2VybmFtZSI6ImJvYiIsInBhc3N3b3JkIjoiMTIzIiwiX3Nlc3Npb25fZXhwaXJ5IjoxMjA5NjAwfQ==", "expire_date": "2020-10-18T06:35:10.077Z"}}, {"model": "sessions.session", "pk": "wm2izk5vpfom4uz39ni9jr6tapisl1zy", "fields": {"session_data": "YjIyYWEwMWIxNGNkZmI2M2UxNWZmNmQ1NjQ1YTBkYzhmOGU1Y2U0NTp7ImNoZWNrQ29kZSI6InN1OFUiLCJ1c2VybmFtZSI6InBldGVyIiwicGFzc3dvcmQiOiIxMjMiLCJfc2Vzc2lvbl9leHBpcnkiOjB9", "expire_date": "2020-08-28T14:56:56.774Z"}}, {"model": "sessions.session", "pk": "xij3ngvj12ejpnh17ul8wdqys9ixmpvu", "fields": {"session_data": "ODdkNThhZWQwMTJiOTBjOTg5NmE3MzhjZTc0MzZlNDUxNTk3ZTg3Mzp7ImNoZWNrQ29kZSI6IlE4OXIiLCJ1c2VybmFtZSI6IlNldGgiLCJwYXNzd29yZCI6IjEyMyJ9", "expire_date": "2020-08-19T02:01:44.992Z"}}, {"model": "sessions.session", "pk": "xo4vacfj3ptkw4jl2salk4pvytgkdrse", "fields": {"session_data": "OWU1NTFmMjM3MWI5MDE2NDdkMGUxZmMxYTM2NzgwOTI1NTBjMDViYTp7ImNoZWNrQ29kZSI6InQ4dzMiLCJ1c2VybmFtZSI6InNldGgiLCJwYXNzd29yZCI6IjEyMyIsIl9zZXNzaW9uX2V4cGlyeSI6MH0=", "expire_date": "2020-10-18T02:18:05.816Z"}}, {"model": "sessions.session", "pk": "xutdkx65lcamafhx0v4p4zbktuc6q7xl", "fields": {"session_data": "NTVhYWUwYWI1YjJmZjg0YTdhMGJkZWZjOGEyNGZjMzU0YmM5ZGI1Njp7ImNoZWNrQ29kZSI6IlduQ00iLCJ1c2VybmFtZSI6ImJvYiIsInBhc3N3b3JkIjoiMTIzIiwiX3Nlc3Npb25fZXhwaXJ5IjowfQ==", "expire_date": "2020-08-26T02:39:42.567Z"}}, {"model": "sessions.session", "pk": "yddmbji7zlucbnxcum8ajlkez139ubc6", "fields": {"session_data": "MmQ1M2Q0YTQ5YzNhNzYyOTEzMjI3YTljYTU1MmYwNmU4ZWU1OGNkOTp7ImNoZWNrQ29kZSI6Ik1FRksiLCJ1c2VybmFtZSI6ImJvYiIsInBhc3N3b3JkIjoiMTIzIn0=", "expire_date": "2020-08-14T03:54:48.843Z"}}, {"model": "repository.userinfo", "pk": 1, "fields": {"username": "seth", "password": "123", "nickname": "daxiang", "email": "123456@qq.com", "avatar": "/static/imgs/timg.jpg", "create_time": "2020-07-10T06:46:42.976Z"}}, {"model": "repository.userinfo", "pk": 2, "fields": {"username": "bob", "password": "123", "nickname": "little boy", "email": "89898989@qq.com", "avatar": "/static/imgs/D97FE7F4-F993-4790-87E2-8B497EAE898D.jpeg", "create_time": "2020-07-12T02:14:18.007Z"}}, {"model": "repository.userinfo", "pk": 3, "fields": {"username": "peter", "password": "123", "nickname": "peter", "email": "999999@qq.com", "avatar": "/static/imgs/782FA452-24A8-4A4C-95CD-A120BF7712E3_1_201_a.jpeg", "create_time": "2020-08-14T14:53:26.029Z"}}, {"model": "repository.userinfo", "pk": 4, "fields": {"username": "rain", "password": "123", "nickname": "rain", "email": "666666@qq.com", "avatar": "/static/imgs/avatar/default.png", "create_time": "2020-08-15T12:13:18.965Z"}}, {"model": "repository.userinfo", "pk": 5, "fields": {"username": "json", "password": "123", "nickname": "json", "email": "777777@qq.com", "avatar": "/static/imgs/9C17A5C0-15C9-41B1-95A3-B16275DAAE7C_1_201_a.jpeg", "create_time": "2020-08-15T12:18:45.331Z"}}, {"model": "repository.userinfo", "pk": 6, "fields": {"username": "\u5c0faa", "password": "123", "nickname": "small_a", "email": "888888@qq.com", "avatar": "/static/imgs/avatar/default.png", "create_time": "2020-08-15T12:38:25.043Z"}}, {"model": "repository.userinfo", "pk": 7, "fields": {"username": "didi", "password": "123", "nickname": "didi", "email": "121212@qq.com", "avatar": "/static/imgs/avatar/default.png", "create_time": "2020-08-15T14:12:52.683Z"}}, {"model": "repository.userinfo", "pk": 8, "fields": {"username": "qqq", "password": "123", "nickname": "qqq", "email": "8989898989@qq.com", "avatar": "/static/imgs/avatar/default.png", "create_time": "2020-08-15T14:16:32.427Z"}}, {"model": "repository.userinfo", "pk": 9, "fields": {"username": "ppp", "password": "123", "nickname": "ppp", "email": "9999@qq.com", "avatar": "/static/imgs/avatar/default.png", "create_time": "2020-08-15T14:19:05.011Z"}}, {"model": "repository.userfans", "pk": 1, "fields": {"user": 1, "follower": 2}}, {"model": "repository.userfans", "pk": 5, "fields": {"user": 2, "follower": 1}}, {"model": "repository.userfans", "pk": 6, "fields": {"user": 1, "follower": 3}}, {"model": "repository.userfans", "pk": 7, "fields": {"user": 2, "follower": 3}}, {"model": "repository.userfans", "pk": 8, "fields": {"user": 1, "follower": 9}}, {"model": "repository.blog", "pk": 2, "fields": {"title": "\u5927\u5e05\u6bd4\u7684\u79c1\u4eba\u535a\u5ba2\u7a7a\u95f4", "site": "seth", "theme": "\u96ea\u56fd\u98ce\u60c5", "user": 1}}, {"model": "repository.blog", "pk": 3, "fields": {"title": "bob's blog", "site": "bob", "theme": "\u9ed8\u8ba4\u4e3b\u9898", "user": 2}}, {"model": "repository.blog", "pk": 4, "fields": {"title": "peter\u6765\u4e86", "site": "peter", "theme": "\u9ed8\u8ba4\u4e3b\u9898", "user": 3}}, {"model": "repository.blog", "pk": 5, "fields": {"title": "\u4eba\u751f\u7684\u6bcf\u4e00\u6b65\u90fd\u7b97\u6570", "site": "rain", "theme": "\u7ea2\u8272\u706b\u7130", "user": 4}}, {"model": "repository.blog", "pk": 6, "fields": {"title": "\u54c8\u54c8\u54c8\u54c8\u54c8\u54c8", "site": "json", "theme": "\u7ea2\u8272\u706b\u7130", "user": 5}}, {"model": "repository.blog", "pk": 7, "fields": {"title": "aa\u7684\u4e2a\u4eba\u65e5\u5e38", "site": "small_a", "theme": "\u96ea\u56fd\u98ce\u5149", "user": 6}}, {"model": "repository.blog", "pk": 8, "fields": {"title": "didi\u7684\u5f1f\u5f1f", "site": "didi", "theme": "3", "user": 7}}, {"model": "repository.blog", "pk": 9, "fields": {"title": "qqq\u7684\u94b1\u94b1\u94b1", "site": "qqq", "theme": "3", "user": 8}}, {"model": "repository.blog", "pk": 10, "fields": {"title": "ppp\u7684\u80d6\u80d6\u80d6", "site": "ppp", "theme": "3", "user": 9}}, {"model": "repository.category", "pk": 3, "fields": {"title": "c\u8bed\u8a00\u5165\u95e8", "blog": 2}}, {"model": "repository.category", "pk": 4, "fields": {"title": "HTML\u4ece\u5165\u95e8\u5230\u653e\u5f03", "blog": 2}}, {"model": "repository.category", "pk": 5, "fields": {"title": "PHP\u57fa\u7840", "blog": 2}}, {"model": "repository.category", "pk": 6, "fields": {"title": "JAVA\u8fdb\u9636", "blog": 2}}, {"model": "repository.category", "pk": 9, "fields": {"title": "\u963f\u5df4\u963f\u5df4\u963f\u5df4bababa", "blog": 2}}, {"model": "repository.category", "pk": 10, "fields": {"title": "qqqq", "blog": 3}}, {"model": "repository.category", "pk": 11, "fields": {"title": "wwww", "blog": 3}}, {"model": "repository.category", "pk": 12, "fields": {"title": "eeee", "blog": 3}}, {"model": "repository.category", "pk": 13, "fields": {"title": "rrrr", "blog": 3}}, {"model": "repository.category", "pk": 14, "fields": {"title": "php\u8fdb\u9636", "blog": 10}}, {"model": "repository.tag", "pk": 1, "fields": {"title": "python\u591a\u5bf9\u591a", "blog": 2}}, {"model": "repository.tag", "pk": 2, "fields": {"title": "html\u540e\u53f0\u7ba1\u7406", "blog": 2}}, {"model": "repository.tag", "pk": 3, "fields": {"title": "Java\u8fdb\u9636", "blog": 2}}, {"model": "repository.tag", "pk": 4, "fields": {"title": "django", "blog": 3}}, {"model": "repository.tag", "pk": 5, "fields": {"title": "\u4eba\u5de5\u667a\u80fd", "blog": 2}}, {"model": "repository.tag", "pk": 8, "fields": {"title": "word\u64cd\u4f5c", "blog": 2}}, {"model": "repository.tag", "pk": 9, "fields": {"title": "\u751f\u6d3b\u4e0e\u5de5\u4f5c", "blog": 2}}, {"model": "repository.tag", "pk": 10, "fields": {"title": "\u4eba\u751f\u5efa\u8bae111", "blog": 2}}, {"model": "repository.tag", "pk": 13, "fields": {"title": "\u524d\u7aef\u6280\u672f", "blog": 10}}, {"model": "repository.articledetail", "pk": 4, "fields": {"content": "\u7ed9\u54e5\u54e5\u54e5\u54e5\u54e5\u54e5\u54e5\u54e5\u54e5\u54e5\u54e5\u54e5\u54e5\u54e5\u54e5\u54e5\u54e5\u54e5\u54e5\u54e5\u54e5\u54e5\u54e5\u54e5", "article": 6}}, {"model": "repository.articledetail", "pk": 8, "fields": {"content": "<p>\r\n\tdhjh<span>djshjdsh</span>j\r\n</p>\n<p>\n<strong>dada</strong>\n</p>\n<p>\r\n\tdadas\r\n</p>\n<p>\n<span>dadef</span>\n</p>\n<p>\r\n\tfa\r\n</p>\n<p>\r\n\tff\r\n</p>\n<p>\r\n\tf\r\n</p>\n<p>\r\n\tf\r\n</p>\n<p>\r\n\tfafaffafadffsd\r\n</p>\n<p>\r\n\t\u8fd8\u8bb0\u5f97\u4f60\u8bf4\u5bb6\u662f\u552f\u4e00\u7684\u57ce\u5821\uff0c\r\n</p>\n<p>\r\n\t\u968f\u7740\u7a3b\u9999\u6cb3\u6d41\u7ee7\u7eed\u5954\u8dd1\uff0c\r\n</p>\n<p>\r\n\t\u5fae\u5fae\u7b11\uff0c\r\n</p>\n<p>\r\n\t\u5feb\u6d3b\u4e00\u70b9\r\n</p>", "article": 16}}, {"model": "repository.articledetail", "pk": 10, "fields": {"content": "<p>\r\n\t\u54c8\u54c8\u54c8\r\n</p>\n<p>\r\n\t\u5427\u5427\u5427\u5427\u5427\u5427\u5427\u5427\u5427\u5427\u5427\r\n</p>\n<p>\r\n\tvvvvvvvvvvvvvvvv\r\n</p>\n<p>\r\n\t\u54c8\u54c8\u54c8\u54c8\u54c8\u54c8\u54c8\u54c8\u54c8\u54c8\r\n</p>\n<p>\r\n\t6666666666\r\n</p>\n<p>\r\n\t\u53d1\u5446\u53d1\u5446\r\n</p>\n<p>\r\n\t\u5730\u65b9\r\n</p>", "article": 18}}, {"model": "repository.articledetail", "pk": 13, "fields": {"content": "7\u70b9\u8d77\u5e8a\uff0c8\u70b9\u51fa\u95e8\uff0c\u8bfb\u4e66\u770b\u62a5\u6253\u6e38\u620f\uff0c\u554a\uff0c\u597d\u65e0\u804a\u554a\uff0c666666", "article": 21}}, {"model": "repository.articledetail", "pk": 14, "fields": {"content": "\u5356\u756a\u85af\uff0c\u5356\u756a\u85af\uff0c\u4e00\u76f4\u5356\u756a\u85af\u3002\u3002\u3002", "article": 22}}, {"model": "repository.articledetail", "pk": 15, "fields": {"content": "<p>\r\n\t\u54c8\u54c8\u54c8\u54c8\u54c8\u54c8\u54c8\u54c8\u54c8\u54c8\u54c8\u54c8\u54c8\u54c8\u54c8\u54c8\u54c8\u54c8\u54c8\u54c8\r\n</p>\n<p>\r\n\t\u54c8\u54c8\u54c8\u54c8\u54c8\u54c8\r\n</p>\n<p>\r\n\t\u54c8\u54c8\u54c8\u54c8\u54c8\u54c8\u54c8\u54c8\u54c8\u54c8\r\n</p>\n<p>\n\n</p>\n<p>\r\n\t\u54c8\u54c8\u54c8\u54c8\u54c8\u54c8\u54c8\r\n</p>\n<p>\r\n\t\u54c8\u54c8\u54c8\u54c8\u54c8\u54c8\u54c8\u54c8\u54c8\u54c8\u54c8\u54c8\u54c8\u54c8\u54c8\u54c8\u54c8\u54c8\u54c8\u54c8\u54c8ha\r\n</p>", "article": 23}}, {"model": "repository.articledetail", "pk": 16, "fields": {"content": "<p>\r\n\t\u554a\u554a\u554a\u554a\r\n</p>\n<p>\r\n\t\u554a\u554a\u554a\u554a\u554a\u554a\u554a\u554a\u554a\r\n</p>\n<p>\r\n\t\u554a\u554a\u554a\u554a\u554a\u554a\u554a\u554a\u554a\u554a\u554a\u554a\u554a\u554a\u554a\u554a\u554a\r\n</p>\n<p>\r\n\t\u554a\u554a\u554a\u554a\u554a\u554a\u554a\u554a\u554a\u554a\u554a\u554a\u554a\u554a\u554a\u554a\u554a\u554a\u554a\u554a\u554a\u554a\u554a\u554a\u554a\u554a\r\n</p>\n<p>\r\n\t\u554a\u554a\u554a\u554a\u554a\u554a\u554a\u554a\u554a\u554a\u554a\u554a\u554a\u554a\u554a\u554a\u554a\u554a\u554a\u554a\u554a\u554a\u554a\u554a\u554a\u554a\u554a\u554a\u554a\u554a\u554a\u554a\u554a\u554a\u554a\u554a\r\n</p>", "article": 24}}, {"model": "repository.updown", "pk": 3, "fields": {"article": 6, "user": 1, "up": false}}, {"model": "repository.updown", "pk": 4, "fields": {"article": 6, "user": 2, "up": false}}, {"model": "repository.updown", "pk": 5, "fields": {"article": 16, "user": 1, "up": true}}, {"model": "repository.updown", "pk": 6, "fields": {"article": 21, "user": 1, "up": true}}, {"model": "repository.updown", "pk": 7, "fields": {"article": 18, "user": 1, "up": true}}, {"model": "repository.updown", "pk": 8, "fields": {"article": 21, "user": 2, "up": false}}, {"model": "repository.updown", "pk": 9, "fields": {"article": 23, "user": 2, "up": true}}, {"model": "repository.updown", "pk": 10, "fields": {"article": 23, "user": 1, "up": true}}, {"model": "repository.updown", "pk": 11, "fields": {"article": 23, "user": 3, "up": true}}, {"model": "repository.updown", "pk": 12, "fields": {"article": 18, "user": 9, "up": true}}, {"model": "repository.updown", "pk": 13, "fields": {"article": 22, "user": 9, "up": true}}, {"model": "repository.updown", "pk": 14, "fields": {"article": 24, "user": 9, "up": true}}, {"model": "repository.updown", "pk": 15, "fields": {"article": 22, "user": 3, "up": true}}, {"model": "repository.comment", "pk": 19, "fields": {"content": "\u4e0d\u884c\uff0c\u5dee\u5dee\u5dee", "create_time": "2020-08-06T11:59:39.414Z", "to_user": null, "reply": null, "article": 6, "user": 1}}, {"model": "repository.comment", "pk": 20, "fields": {"content": "\u54c8\u54c8\u54c8\u54c8", "create_time": "2020-08-11T06:27:53.035Z", "to_user": null, "reply": null, "article": 18, "user": 1}}, {"model": "repository.comment", "pk": 21, "fields": {"content": "\u5199\u7684\u771f\u4e0d\u9519\u554a", "create_time": "2020-08-11T06:51:00.436Z", "to_user": null, "reply": null, "article": 16, "user": 1}}, {"model": "repository.comment", "pk": 22, "fields": {"content": "\u4f60\u4e5f\u4e0d\u9519\u5462", "create_time": "2020-08-11T06:51:13.133Z", "to_user": "Seth", "reply": 21, "article": 16, "user": 1}}, {"model": "repository.comment", "pk": 23, "fields": {"content": "\u4e0d\u597d\u597d\u8bfb\u4e66\uff0c\u5356\u5565\u756a\u85af\u554a", "create_time": "2020-08-12T01:46:40.606Z", "to_user": null, "reply": null, "article": 22, "user": 2}}, {"model": "repository.comment", "pk": 24, "fields": {"content": "\u771f\u81ea\u5f8b\u554a", "create_time": "2020-08-12T01:46:54.311Z", "to_user": null, "reply": null, "article": 21, "user": 2}}, {"model": "repository.comment", "pk": 25, "fields": {"content": "\u54c8\u54c8\u54c8\u54c8\u54c8", "create_time": "2020-08-12T01:47:04.043Z", "to_user": "Seth", "reply": 20, "article": 18, "user": 2}}, {"model": "repository.comment", "pk": 26, "fields": {"content": "hhhhhh", "create_time": "2020-08-13T11:22:04.417Z", "to_user": "bob", "reply": 20, "article": 18, "user": 1}}, {"model": "repository.comment", "pk": 27, "fields": {"content": "\u963f\u5df4\u963f\u5df4\u963f\u5df4\u963f\u5df4", "create_time": "2020-08-14T13:35:04.420Z", "to_user": null, "reply": null, "article": 21, "user": 2}}, {"model": "repository.comment", "pk": 28, "fields": {"content": "hhhhh", "create_time": "2020-08-14T14:02:23.636Z", "to_user": null, "reply": null, "article": 23, "user": 2}}, {"model": "repository.comment", "pk": 29, "fields": {"content": "\u522b\u7b11\u4e86\uff0c\u54c8\u54c8\u54c8", "create_time": "2020-08-14T14:38:32.785Z", "to_user": "bob", "reply": 28, "article": 23, "user": 1}}, {"model": "repository.comment", "pk": 30, "fields": {"content": "hhhh", "create_time": "2020-08-14T14:47:16.534Z", "to_user": null, "reply": null, "article": 21, "user": 1}}, {"model": "repository.comment", "pk": 31, "fields": {"content": "\u6211\u662f\u65b0\u4eba\uff0c\u54c8\u54c8\u54c8", "create_time": "2020-08-14T14:56:35.315Z", "to_user": null, "reply": null, "article": 23, "user": 3}}, {"model": "repository.comment", "pk": 32, "fields": {"content": "\u6211\u56de\u6765\u4e86\uff0c\u54c8\u54c8\u54c8", "create_time": "2020-08-15T07:35:01.840Z", "to_user": null, "reply": null, "article": 23, "user": 2}}, {"model": "repository.comment", "pk": 33, "fields": {"content": "\u54c8\u54c8\u54c8\u54c8\u54c8", "create_time": "2020-08-15T15:03:32.654Z", "to_user": null, "reply": null, "article": 24, "user": 9}}, {"model": "repository.article", "pk": 6, "fields": {"title": "\u65b0\u4e16\u754c1111", "summary": "\u65b0\u7684\u4e16\u754c\u9a6c\u4e0a\u5c31\u8981\u6765\u4e86\uff0c\u5927\u5bb6\u51c6\u5907\u597d\u4e86\u54171111111", "read_count": 1, "comment_count": 19, "up_count": 0, "down_count": 2, "create_time": "2020-07-28T06:20:02.320Z", "blog": 2, "category": 3, "article_type": 2}}, {"model": "repository.article", "pk": 16, "fields": {"title": "\u6ef4\u6ef4\u6ef4", "summary": "\u8fd8\u8bb0\u5f97\u5417\uff0c\u90a3\u4e2a\u590f\u5929", "read_count": 0, "comment_count": 0, "up_count": 1, "down_count": 0, "create_time": "2020-07-28T06:48:47.359Z", "blog": 2, "category": 9, "article_type": 4}}, {"model": "repository.article", "pk": 18, "fields": {"title": "\u751f\u6d3b\u4e0d\u5c31\u662f\u8fd9\u6837\u5417", "summary": "testtesttesttesttesttesttesttesttesttesttesttes66666", "read_count": 9, "comment_count": 3, "up_count": 2, "down_count": 0, "create_time": "2020-07-28T06:49:18.749Z", "blog": 2, "category": 9, "article_type": 1}}, {"model": "repository.article", "pk": 21, "fields": {"title": "\u5927\u8c61\u7684\u4e00\u5929", "summary": "\u7b80\u5355\u4ecb\u7ecd\u5927\u8c61\u7684\u4e00\u5929\u662f\u4ec0\u4e48\u4e2a\u6837\u5b50", "read_count": 60, "comment_count": 2, "up_count": 1, "down_count": 1, "create_time": "2020-08-12T01:26:48.799Z", "blog": 2, "category": 9, "article_type": 1}}, {"model": "repository.article", "pk": 22, "fields": {"title": "\u5356\u756a\u85af", "summary": "\u5982\u4f55\u5728\u4e00\u5929\u5185\u5356\u51fa10\u4e07\u4efd\u756a\u85af", "read_count": 59, "comment_count": 0, "up_count": 2, "down_count": 0, "create_time": "2020-08-12T01:30:45.938Z", "blog": 2, "category": 6, "article_type": 2}}, {"model": "repository.article", "pk": 23, "fields": {"title": "\u54c8\u54c8\u54c8ha", "summary": "\u54c8\u54c8\u54c8\u54c8\u54c8\u54c8\u54c8\u54c8\u54c8\u54c8\u54c8\u54c8\u54c8ha", "read_count": 43, "comment_count": 4, "up_count": 3, "down_count": 0, "create_time": "2020-08-14T13:55:40.310Z", "blog": 3, "category": 10, "article_type": 4}}, {"model": "repository.article", "pk": 24, "fields": {"title": "\u6211\u7684\u7b2c\u4e00\u7bc7\u6587\u7ae0", "summary": "\u5fc3\u60c5\u6fc0\u52a8\u554a...............", "read_count": 3, "comment_count": 1, "up_count": 1, "down_count": 0, "create_time": "2020-08-15T15:03:09.176Z", "blog": 10, "category": 14, "article_type": 1}}, {"model": "repository.article2tag", "pk": 4, "fields": {"article": 6, "tag": 2}}, {"model": "repository.article2tag", "pk": 52, "fields": {"article": 16, "tag": 8}}, {"model": "repository.article2tag", "pk": 53, "fields": {"article": 16, "tag": 9}}, {"model": "repository.article2tag", "pk": 54, "fields": {"article": 16, "tag": 10}}, {"model": "repository.article2tag", "pk": 55, "fields": {"article": 18, "tag": 3}}, {"model": "repository.article2tag", "pk": 56, "fields": {"article": 18, "tag": 5}}, {"model": "repository.article2tag", "pk": 57, "fields": {"article": 18, "tag": 10}}, {"model": "repository.article2tag", "pk": 60, "fields": {"article": 21, "tag": 9}}, {"model": "repository.article2tag", "pk": 61, "fields": {"article": 21, "tag": 10}}, {"model": "repository.article2tag", "pk": 62, "fields": {"article": 22, "tag": 3}}, {"model": "repository.article2tag", "pk": 63, "fields": {"article": 22, "tag": 5}}, {"model": "repository.article2tag", "pk": 65, "fields": {"article": 23, "tag": 4}}, {"model": "repository.article2tag", "pk": 66, "fields": {"article": 24, "tag": 13}}, {"model": "auth.permission", "pk": 1, "fields": {"name": "Can add log entry", "content_type": 1, "codename": "add_logentry"}}, {"model": "auth.permission", "pk": 2, "fields": {"name": "Can change log entry", "content_type": 1, "codename": "change_logentry"}}, {"model": "auth.permission", "pk": 3, "fields": {"name": "Can delete log entry", "content_type": 1, "codename": "delete_logentry"}}, {"model": "auth.permission", "pk": 4, "fields": {"name": "Can view log entry", "content_type": 1, "codename": "view_logentry"}}, {"model": "auth.permission", "pk": 5, "fields": {"name": "Can add permission", "content_type": 2, "codename": "add_permission"}}, {"model": "auth.permission", "pk": 6, "fields": {"name": "Can change permission", "content_type": 2, "codename": "change_permission"}}, {"model": "auth.permission", "pk": 7, "fields": {"name": "Can delete permission", "content_type": 2, "codename": "delete_permission"}}, {"model": "auth.permission", "pk": 8, "fields": {"name": "Can view permission", "content_type": 2, "codename": "view_permission"}}, {"model": "auth.permission", "pk": 9, "fields": {"name": "Can add group", "content_type": 3, "codename": "add_group"}}, {"model": "auth.permission", "pk": 10, "fields": {"name": "Can change group", "content_type": 3, "codename": "change_group"}}, {"model": "auth.permission", "pk": 11, "fields": {"name": "Can delete group", "content_type": 3, "codename": "delete_group"}}, {"model": "auth.permission", "pk": 12, "fields": {"name": "Can view group", "content_type": 3, "codename": "view_group"}}, {"model": "auth.permission", "pk": 13, "fields": {"name": "Can add user", "content_type": 4, "codename": "add_user"}}, {"model": "auth.permission", "pk": 14, "fields": {"name": "Can change user", "content_type": 4, "codename": "change_user"}}, {"model": "auth.permission", "pk": 15, "fields": {"name": "Can delete user", "content_type": 4, "codename": "delete_user"}}, {"model": "auth.permission", "pk": 16, "fields": {"name": "Can view user", "content_type": 4, "codename": "view_user"}}, {"model": "auth.permission", "pk": 17, "fields": {"name": "Can add content type", "content_type": 5, "codename": "add_contenttype"}}, {"model": "auth.permission", "pk": 18, "fields": {"name": "Can change content type", "content_type": 5, "codename": "change_contenttype"}}, {"model": "auth.permission", "pk": 19, "fields": {"name": "Can delete content type", "content_type": 5, "codename": "delete_contenttype"}}, {"model": "auth.permission", "pk": 20, "fields": {"name": "Can view content type", "content_type": 5, "codename": "view_contenttype"}}, {"model": "auth.permission", "pk": 21, "fields": {"name": "Can add session", "content_type": 6, "codename": "add_session"}}, {"model": "auth.permission", "pk": 22, "fields": {"name": "Can change session", "content_type": 6, "codename": "change_session"}}, {"model": "auth.permission", "pk": 23, "fields": {"name": "Can delete session", "content_type": 6, "codename": "delete_session"}}, {"model": "auth.permission", "pk": 24, "fields": {"name": "Can view session", "content_type": 6, "codename": "view_session"}}, {"model": "auth.permission", "pk": 25, "fields": {"name": "Can add article", "content_type": 7, "codename": "add_article"}}, {"model": "auth.permission", "pk": 26, "fields": {"name": "Can change article", "content_type": 7, "codename": "change_article"}}, {"model": "auth.permission", "pk": 27, "fields": {"name": "Can delete article", "content_type": 7, "codename": "delete_article"}}, {"model": "auth.permission", "pk": 28, "fields": {"name": "Can view article", "content_type": 7, "codename": "view_article"}}, {"model": "auth.permission", "pk": 29, "fields": {"name": "Can add blog", "content_type": 8, "codename": "add_blog"}}, {"model": "auth.permission", "pk": 30, "fields": {"name": "Can change blog", "content_type": 8, "codename": "change_blog"}}, {"model": "auth.permission", "pk": 31, "fields": {"name": "Can delete blog", "content_type": 8, "codename": "delete_blog"}}, {"model": "auth.permission", "pk": 32, "fields": {"name": "Can view blog", "content_type": 8, "codename": "view_blog"}}, {"model": "auth.permission", "pk": 33, "fields": {"name": "Can add user fans", "content_type": 9, "codename": "add_userfans"}}, {"model": "auth.permission", "pk": 34, "fields": {"name": "Can change user fans", "content_type": 9, "codename": "change_userfans"}}, {"model": "auth.permission", "pk": 35, "fields": {"name": "Can delete user fans", "content_type": 9, "codename": "delete_userfans"}}, {"model": "auth.permission", "pk": 36, "fields": {"name": "Can view user fans", "content_type": 9, "codename": "view_userfans"}}, {"model": "auth.permission", "pk": 37, "fields": {"name": "Can add user info", "content_type": 10, "codename": "add_userinfo"}}, {"model": "auth.permission", "pk": 38, "fields": {"name": "Can change user info", "content_type": 10, "codename": "change_userinfo"}}, {"model": "auth.permission", "pk": 39, "fields": {"name": "Can delete user info", "content_type": 10, "codename": "delete_userinfo"}}, {"model": "auth.permission", "pk": 40, "fields": {"name": "Can view user info", "content_type": 10, "codename": "view_userinfo"}}, {"model": "auth.permission", "pk": 41, "fields": {"name": "Can add tag", "content_type": 11, "codename": "add_tag"}}, {"model": "auth.permission", "pk": 42, "fields": {"name": "Can change tag", "content_type": 11, "codename": "change_tag"}}, {"model": "auth.permission", "pk": 43, "fields": {"name": "Can delete tag", "content_type": 11, "codename": "delete_tag"}}, {"model": "auth.permission", "pk": 44, "fields": {"name": "Can view tag", "content_type": 11, "codename": "view_tag"}}, {"model": "auth.permission", "pk": 45, "fields": {"name": "Can add comment", "content_type": 12, "codename": "add_comment"}}, {"model": "auth.permission", "pk": 46, "fields": {"name": "Can change comment", "content_type": 12, "codename": "change_comment"}}, {"model": "auth.permission", "pk": 47, "fields": {"name": "Can delete comment", "content_type": 12, "codename": "delete_comment"}}, {"model": "auth.permission", "pk": 48, "fields": {"name": "Can view comment", "content_type": 12, "codename": "view_comment"}}, {"model": "auth.permission", "pk": 49, "fields": {"name": "Can add category", "content_type": 13, "codename": "add_category"}}, {"model": "auth.permission", "pk": 50, "fields": {"name": "Can change category", "content_type": 13, "codename": "change_category"}}, {"model": "auth.permission", "pk": 51, "fields": {"name": "Can delete category", "content_type": 13, "codename": "delete_category"}}, {"model": "auth.permission", "pk": 52, "fields": {"name": "Can view category", "content_type": 13, "codename": "view_category"}}, {"model": "auth.permission", "pk": 53, "fields": {"name": "Can add article detail", "content_type": 14, "codename": "add_articledetail"}}, {"model": "auth.permission", "pk": 54, "fields": {"name": "Can change article detail", "content_type": 14, "codename": "change_articledetail"}}, {"model": "auth.permission", "pk": 55, "fields": {"name": "Can delete article detail", "content_type": 14, "codename": "delete_articledetail"}}, {"model": "auth.permission", "pk": 56, "fields": {"name": "Can view article detail", "content_type": 14, "codename": "view_articledetail"}}, {"model": "auth.permission", "pk": 57, "fields": {"name": "Can add article2 tag", "content_type": 15, "codename": "add_article2tag"}}, {"model": "auth.permission", "pk": 58, "fields": {"name": "Can change article2 tag", "content_type": 15, "codename": "change_article2tag"}}, {"model": "auth.permission", "pk": 59, "fields": {"name": "Can delete article2 tag", "content_type": 15, "codename": "delete_article2tag"}}, {"model": "auth.permission", "pk": 60, "fields": {"name": "Can view article2 tag", "content_type": 15, "codename": "view_article2tag"}}, {"model": "auth.permission", "pk": 61, "fields": {"name": "Can add up down", "content_type": 16, "codename": "add_updown"}}, {"model": "auth.permission", "pk": 62, "fields": {"name": "Can change up down", "content_type": 16, "codename": "change_updown"}}, {"model": "auth.permission", "pk": 63, "fields": {"name": "Can delete up down", "content_type": 16, "codename": "delete_updown"}}, {"model": "auth.permission", "pk": 64, "fields": {"name": "Can view up down", "content_type": 16, "codename": "view_updown"}}, {"model": "auth.permission", "pk": 65, "fields": {"name": "Can add article", "content_type": 17, "codename": "add_article"}}, {"model": "auth.permission", "pk": 66, "fields": {"name": "Can change article", "content_type": 17, "codename": "change_article"}}, {"model": "auth.permission", "pk": 67, "fields": {"name": "Can delete article", "content_type": 17, "codename": "delete_article"}}, {"model": "auth.permission", "pk": 68, "fields": {"name": "Can view article", "content_type": 17, "codename": "view_article"}}, {"model": "auth.permission", "pk": 69, "fields": {"name": "Can add blog", "content_type": 18, "codename": "add_blog"}}, {"model": "auth.permission", "pk": 70, "fields": {"name": "Can change blog", "content_type": 18, "codename": "change_blog"}}, {"model": "auth.permission", "pk": 71, "fields": {"name": "Can delete blog", "content_type": 18, "codename": "delete_blog"}}, {"model": "auth.permission", "pk": 72, "fields": {"name": "Can view blog", "content_type": 18, "codename": "view_blog"}}, {"model": "auth.permission", "pk": 73, "fields": {"name": "Can add user fans", "content_type": 19, "codename": "add_userfans"}}, {"model": "auth.permission", "pk": 74, "fields": {"name": "Can change user fans", "content_type": 19, "codename": "change_userfans"}}, {"model": "auth.permission", "pk": 75, "fields": {"name": "Can delete user fans", "content_type": 19, "codename": "delete_userfans"}}, {"model": "auth.permission", "pk": 76, "fields": {"name": "Can view user fans", "content_type": 19, "codename": "view_userfans"}}, {"model": "auth.permission", "pk": 77, "fields": {"name": "Can add user info", "content_type": 20, "codename": "add_userinfo"}}, {"model": "auth.permission", "pk": 78, "fields": {"name": "Can change user info", "content_type": 20, "codename": "change_userinfo"}}, {"model": "auth.permission", "pk": 79, "fields": {"name": "Can delete user info", "content_type": 20, "codename": "delete_userinfo"}}, {"model": "auth.permission", "pk": 80, "fields": {"name": "Can view user info", "content_type": 20, "codename": "view_userinfo"}}, {"model": "auth.permission", "pk": 81, "fields": {"name": "Can add tag", "content_type": 21, "codename": "add_tag"}}, {"model": "auth.permission", "pk": 82, "fields": {"name": "Can change tag", "content_type": 21, "codename": "change_tag"}}, {"model": "auth.permission", "pk": 83, "fields": {"name": "Can delete tag", "content_type": 21, "codename": "delete_tag"}}, {"model": "auth.permission", "pk": 84, "fields": {"name": "Can view tag", "content_type": 21, "codename": "view_tag"}}, {"model": "auth.permission", "pk": 85, "fields": {"name": "Can add comment", "content_type": 22, "codename": "add_comment"}}, {"model": "auth.permission", "pk": 86, "fields": {"name": "Can change comment", "content_type": 22, "codename": "change_comment"}}, {"model": "auth.permission", "pk": 87, "fields": {"name": "Can delete comment", "content_type": 22, "codename": "delete_comment"}}, {"model": "auth.permission", "pk": 88, "fields": {"name": "Can view comment", "content_type": 22, "codename": "view_comment"}}, {"model": "auth.permission", "pk": 89, "fields": {"name": "Can add category", "content_type": 23, "codename": "add_category"}}, {"model": "auth.permission", "pk": 90, "fields": {"name": "Can change category", "content_type": 23, "codename": "change_category"}}, {"model": "auth.permission", "pk": 91, "fields": {"name": "Can delete category", "content_type": 23, "codename": "delete_category"}}, {"model": "auth.permission", "pk": 92, "fields": {"name": "Can view category", "content_type": 23, "codename": "view_category"}}, {"model": "auth.permission", "pk": 93, "fields": {"name": "Can add article detail", "content_type": 24, "codename": "add_articledetail"}}, {"model": "auth.permission", "pk": 94, "fields": {"name": "Can change article detail", "content_type": 24, "codename": "change_articledetail"}}, {"model": "auth.permission", "pk": 95, "fields": {"name": "Can delete article detail", "content_type": 24, "codename": "delete_articledetail"}}, {"model": "auth.permission", "pk": 96, "fields": {"name": "Can view article detail", "content_type": 24, "codename": "view_articledetail"}}, {"model": "auth.permission", "pk": 97, "fields": {"name": "Can add article2 tag", "content_type": 25, "codename": "add_article2tag"}}, {"model": "auth.permission", "pk": 98, "fields": {"name": "Can change article2 tag", "content_type": 25, "codename": "change_article2tag"}}, {"model": "auth.permission", "pk": 99, "fields": {"name": "Can delete article2 tag", "content_type": 25, "codename": "delete_article2tag"}}, {"model": "auth.permission", "pk": 100, "fields": {"name": "Can view article2 tag", "content_type": 25, "codename": "view_article2tag"}}, {"model": "auth.permission", "pk": 101, "fields": {"name": "Can add up down", "content_type": 26, "codename": "add_updown"}}, {"model": "auth.permission", "pk": 102, "fields": {"name": "Can change up down", "content_type": 26, "codename": "change_updown"}}, {"model": "auth.permission", "pk": 103, "fields": {"name": "Can delete up down", "content_type": 26, "codename": "delete_updown"}}, {"model": "auth.permission", "pk": 104, "fields": {"name": "Can view up down", "content_type": 26, "codename": "view_updown"}}]